{
  "ABIRoot": {
    "kind": "Root",
    "name": "TopLevel",
    "printedName": "TopLevel",
    "children": [
      {
        "kind": "TypeDecl",
        "name": "Module_A",
        "printedName": "Module_A",
        "children": [
          {
            "kind": "Function",
            "name": "hello",
            "printedName": "hello()",
            "children": [
              {
                "kind": "TypeNominal",
                "name": "Void",
                "printedName": "()"
              }
            ],
            "declKind": "Func",
            "usr": "s:8Module_AAAC5helloyyF",
            "mangledName": "$s8Module_AAAC5helloyyF",
            "moduleName": "Module_A",
            "declAttributes": [
              "AccessControl"
            ],
            "funcSelfKind": "NonMutating"
          }
        ],
        "declKind": "Class",
        "usr": "s:8Module_AAAC",
        "mangledName": "$s8Module_AAAC",
        "moduleName": "Module_A",
        "declAttributes": [
          "AccessControl"
        ],
        "hasMissingDesignatedInitializers": true
      }
    ],
    "json_format_version": 8
  },
  "ConstValues": []
}